<?xml version="1.0" encoding="UTF-8"?>
<project-private xmlns="http://www.netbeans.org/ns/project-private/1">
    <data xmlns="http://www.netbeans.org/ns/make-project-private/1">
        <activeConfTypeElem>1</activeConfTypeElem>
        <activeConfIndexElem>0</activeConfIndexElem>
    </data>
    <editor-bookmarks xmlns="http://www.netbeans.org/ns/editor-bookmarks/2" lastBookmarkId="0"/>
    <open-files xmlns="http://www.netbeans.org/ns/projectui-open-files/2">
        <group name="FICHA1">
            <file>file:/C:/Users/andre/OneDrive/Documentos/NetBeansProjects/LP_PROJECT/main.c</file>
        </group>
        <group>
            <file>file:/C:/Users/andre/OneDrive/Documentos/NetBeansProjects/LP_PROJECT/comissoes.c</file>
            <file>file:/C:/Users/andre/OneDrive/Documentos/NetBeansProjects/LP_PROJECT/vendedor.c</file>
            <file>file:/C:/Users/andre/OneDrive/Documentos/NetBeansProjects/LP_PROJECT/main.c</file>
            <file>file:/C:/Users/andre/OneDrive/Documentos/NetBeansProjects/LP_PROJECT/mercados.c</file>
            <file>file:/C:/Users/andre/OneDrive/Documentos/NetBeansProjects/LP_PROJECT/structs.h</file>
        </group>
    </open-files>
</project-private>
